NAME,GROUP,DATE/HOUR/ROOM,DATE/HOUR/ROOM,DATE/HOUR/ROOM,PROFESSOR,EMAIL,PROFESSOR2,EMAIL2
ADMINISTRACION Y DESARROLLO SUSTENTABLE EN LA INDUSTRIA DEL CURTIDO,A,LUNES/14-15/LAB. DE CURTIDO EDIF. G,"MARTES/8-9/LAB. DE CURTIDO, EDIF. G","VIERNES/16-18/LAB. DE CURTIDO, EDIF. G",JUAN FRANCISCO RAYAS ROJAS,THIS EMAIL ADDRESS IS BEING PROTECTED FROM SPAMBOTS. YOU NEED JAVASCRIPT ENABLED TO VIEW IT.,,
ALGEBRA LINEAL,A,LUNES/8-10/F1,MIERCOLES/8-10/F1,,JOSE LUIS LOPEZ PICON,THIS EMAIL ADDRESS IS BEING PROTECTED FROM SPAMBOTS. YOU NEED JAVASCRIPT ENABLED TO VIEW IT.,,
ALGEBRA LINEAL,B,MARTES/8-10/F1,JUEVES/8-10/F1,,JOSE LUIS LOPEZ PICON,THIS EMAIL ADDRESS IS BEING PROTECTED FROM SPAMBOTS. YOU NEED JAVASCRIPT ENABLED TO VIEW IT.,,
ALGEBRA LINEAL,C,MARTES/10-12/F1,JUEVES/10-12/F1,,MIGUEL ANGEL VALLEJO HERNANDEZ,THIS EMAIL ADDRESS IS BEING PROTECTED FROM SPAMBOTS. YOU NEED JAVASCRIPT ENABLED TO VIEW IT.,,
ALGEBRA LINEAL,D,MIERCOLES/12-14/F1,VIERNES/12-14/F1,,TEODORO CORDOVA FRAGA,THIS EMAIL ADDRESS IS BEING PROTECTED FROM SPAMBOTS. YOU NEED JAVASCRIPT ENABLED TO VIEW IT.,,
ALGEBRA LINEAL,E,LUNES/15-17/G1,MIERCOLES/15-17/G1,,AZARAEL ADONAY YEBRA PEREZ,THIS EMAIL ADDRESS IS BEING PROTECTED FROM SPAMBOTS. YOU NEED JAVASCRIPT ENABLED TO VIEW IT.,,
ALGEBRA LINEAL AVANZADA,A,LUNES/17-19/C2,MIERCOLES/17-19/C2,,OWEN PAVEL FERNANDEZ PIEDRA,THIS EMAIL ADDRESS IS BEING PROTECTED FROM SPAMBOTS. YOU NEED JAVASCRIPT ENABLED TO VIEW IT.,,
ANALISIS DE CIRCUITOS,A,MARTES/8-10/LAB. DE ELECTRONICA EDIF. G,JUEVES/8-12/LAB. DE ELECTRONICA EDIF. G,,JOSE MARCO BALLEZA ORDAZ,THIS EMAIL ADDRESS IS BEING PROTECTED FROM SPAMBOTS. YOU NEED JAVASCRIPT ENABLED TO VIEW IT.,,
ANALISIS DE CIRCUITOS,B,LUNES/12-16/LAB. DE ELECTRONICA EDIF.G,MIERCOLES/8-10/LAB. DE ELECTRONICA EDIF. G,,EDUARDO MONTES RAMIREZ,THIS EMAIL ADDRESS IS BEING PROTECTED FROM SPAMBOTS. YOU NEED JAVASCRIPT ENABLED TO VIEW IT.,,
ANALISIS DE LA CULTURA MEXICANA,A,LUNES/16-19/F5,,,FERNANDO AGUAS ANGEL,THIS EMAIL ADDRESS IS BEING PROTECTED FROM SPAMBOTS. YOU NEED JAVASCRIPT ENABLED TO VIEW IT.,,
ANALISIS MATEMATICO,A,LUNES/17-19/G1,MIERCOLES/17-19/G1,,AZARAEL ADONAY YEBRA PEREZ,THIS EMAIL ADDRESS IS BEING PROTECTED FROM SPAMBOTS. YOU NEED JAVASCRIPT ENABLED TO VIEW IT.,,
ANALISIS TENSORIAL,A,MARTES15-17/F8,JUEVES/15-17/F8,,JUAN BARRANCO MONARCA,THIS EMAIL ADDRESS IS BEING PROTECTED FROM SPAMBOTS. YOU NEED JAVASCRIPT ENABLED TO VIEW IT.,,
ANALISIS VECTORIAL,A,LUNES/10-12/F5,MIERCOLES/12-14/G1,,OWEN PAVEL FERNANDEZ PIEDRA,THIS EMAIL ADDRESS IS BEING PROTECTED FROM SPAMBOTS. YOU NEED JAVASCRIPT ENABLED TO VIEW IT.,,
ANALISIS VECTORIAL,B,LUNES/10-12/F9,JUEVES/10-12/F9,,AZARAEL ADONAY YEBRA PEREZ,THIS EMAIL ADDRESS IS BEING PROTECTED FROM SPAMBOTS. YOU NEED JAVASCRIPT ENABLED TO VIEW IT.,,
ANALISIS VECTORIAL,C,MARTES/15-17/F6,JUEVES/15-17/F6,,MARIA DEL ALBA PACHECO BLAS,THIS EMAIL ADDRESS IS BEING PROTECTED FROM SPAMBOTS. YOU NEED JAVASCRIPT ENABLED TO VIEW IT.,,
ANATOMIA Y FISIOLOGIA I,A,LUNES/8-10/C2,MIERCOLES/8-10/C2,,JOSE FIDEL BAIZABAL CARVALLO,"THIS EMAIL ADDRESS IS BEING PROTECTED FROM SPAMBOTS. YOU NEED JAVASCRIPT ENABLED TO VIEW IT., THIS EMAIL ADDRESS IS BEING PROTECTED FROM SPAMBOTS. YOU NEED JAVASCRIPT ENABLED TO VIEW IT.",,
ANATOMIA Y FISIOLOGIA II,A,MARTES/8-10/C2,JUEVES/8-10/C3,,VICTOR HUGO HERNANDEZ GONZALEZ,THIS EMAIL ADDRESS IS BEING PROTECTED FROM SPAMBOTS. YOU NEED JAVASCRIPT ENABLED TO VIEW IT.,,
ARQUITECTURA DE MICROCONTROLADORES,A,MARTES/10-14/LAB. DE ELECTRONICA EDIF. G,JUEVES/12-14/LAB. DE ELECTRONICA EDIF. G,,CARLOS VILLASENOR MORA,THIS EMAIL ADDRESS IS BEING PROTECTED FROM SPAMBOTS. YOU NEED JAVASCRIPT ENABLED TO VIEW IT.,,
BALANCE DE MATERIA Y ENERGIA,A,LUNES/12-14/F8,MIERCOLES/12-14/AUDITORIO EDIF. B,,JOSE ANTONIO REYES AGUILERA,THIS EMAIL ADDRESS IS BEING PROTECTED FROM SPAMBOTS. YOU NEED JAVASCRIPT ENABLED TO VIEW IT.,,
BALANCE DE MATERIA Y ENERGIA,B,MIERCOLES/15-17/F5,VIERNES/15-17/F5,,CARLOS EDUARDO MOLINA GUERRERO,THIS EMAIL ADDRESS IS BEING PROTECTED FROM SPAMBOTS. YOU NEED JAVASCRIPT ENABLED TO VIEW IT.,,
BIOESTADISTICA,A,LUNES/10-12/C2,JUEVES/10-12/LAB. DE ELECTRONICA EDIF. D (AULA),,TEODORO CORDOVA FRAGA,THIS EMAIL ADDRESS IS BEING PROTECTED FROM SPAMBOTS. YOU NEED JAVASCRIPT ENABLED TO VIEW IT.,,
BIOFISICA,A,LUNES/15-17/LAB. DE BIOLOGIA EDIF. G,MIERCOLES/15-17/LAB. DE BIOLOGIA EDIF. G,,JOSE DE JESUS BERNAL ALVARADO,THIS EMAIL ADDRESS IS BEING PROTECTED FROM SPAMBOTS. YOU NEED JAVASCRIPT ENABLED TO VIEW IT.,,
BIOFISICA MEDICA,A,MARTES/10-12/C2,VIERNES/10-12/LAB. DE ELECTRONICA EDIF. D (AULA),,MODESTO ANTONIO SOSA AQUINO,THIS EMAIL ADDRESS IS BEING PROTECTED FROM SPAMBOTS. YOU NEED JAVASCRIPT ENABLED TO VIEW IT.,VICTOR HUGO HERNANDEZ GONZALEZ,THIS EMAIL ADDRESS IS BEING PROTECTED FROM SPAMBOTS. YOU NEED JAVASCRIPT ENABLED TO VIEW IT.
BIOLOGIA CELULAR,A-I,MARTES/15-18/LAB. DE BIOLOGIA EDIF. G,JUEVES/15-18/LAB. DE BIOLOGIA EDIF. G,,SILVIA ALEJANDRA LOPEZ JUAREZ,THIS EMAIL ADDRESS IS BEING PROTECTED FROM SPAMBOTS. YOU NEED JAVASCRIPT ENABLED TO VIEW IT.,,
BIOLOGIA CELULAR,B-II,MARTES/12-15/LAB. DE BIOLOGIA EDIF. G,JUEVES/12-15/LAB. DE BIOLOGIA EDIF. G,,GUSTAVO BASURTO ISLAS,THIS EMAIL ADDRESS IS BEING PROTECTED FROM SPAMBOTS. YOU NEED JAVASCRIPT ENABLED TO VIEW IT.,,
BIOMECANICA,A,"LUNES/12-16/ANTIGUO LAB. DE BIOMATERIALES, EDIF. C","MIERCOLES/12-14/ANTIGUO LAB. DE BIOMATERIALES, EDIF. C",,ARGELIA ROSILLO DE LA TORRE,THIS EMAIL ADDRESS IS BEING PROTECTED FROM SPAMBOTS. YOU NEED JAVASCRIPT ENABLED TO VIEW IT.,,
BIOMECANICA,B,"MIERCOLES/8-12/ANTIGUO LAB. DE BIOMATERIALES, EDIF. C","MIERCOLES/12-14/ANTIGUO LAB. DE BIOMATERIALES, EDIF. C",,ARTURO VEGA GONZALEZ,THIS EMAIL ADDRESS IS BEING PROTECTED FROM SPAMBOTS. YOU NEED JAVASCRIPT ENABLED TO VIEW IT.,,
BIOQUIMICA,A-I,MIERCOLES/10-12/C2,VIERNES/8-9/LAB. DE BIOLOGIA EDIF. G,VIERNES/9-12/LAB. DE BIOLOGIA EDIF. G,LAURA EDITH CASTELLANO TORRES,THIS EMAIL ADDRESS IS BEING PROTECTED FROM SPAMBOTS. YOU NEED JAVASCRIPT ENABLED TO VIEW IT.,,
BIOSEGURIDAD,A,MARTES/8-10/LAB. DE BIOLOGIA EDIF. G,JUEVES/8-10/LAB DE BIOLOGIA EDIF. G,,ARGELIA ROSILLO DE LA TORRE,THIS EMAIL ADDRESS IS BEING PROTECTED FROM SPAMBOTS. YOU NEED JAVASCRIPT ENABLED TO VIEW IT.,,
CALCULO DE VARIAS VARIABLES,A,MARTES/8-10/F8,JUEVES/8-10/F8,,NANA GERALDINE CABO BIZET,THIS EMAIL ADDRESS IS BEING PROTECTED FROM SPAMBOTS. YOU NEED JAVASCRIPT ENABLED TO VIEW IT.,,
CALCULO DE VARIAS VARIABLES,B,LUNES/15-17/F8,MIERCOLES/15-17/F8,,MANUEL MARTINEZ JIMENEZ,THIS EMAIL ADDRESS IS BEING PROTECTED FROM SPAMBOTS. YOU NEED JAVASCRIPT ENABLED TO VIEW IT.,,
CALCULO DE VARIAS VARIABLES,C,MARTES/15-17/F5,JUEVES/15-17/F5,,LORENA BERENICE VELAZQUEZ IBARRA,THIS EMAIL ADDRESS IS BEING PROTECTED FROM SPAMBOTS. YOU NEED JAVASCRIPT ENABLED TO VIEW IT.,,
CALCULO DIFERENCIAL,A,LUNES/10-12/F1,MIERCOLES/10-12/F1,,CARSTEN HOLTFORT,THIS EMAIL ADDRESS IS BEING PROTECTED FROM SPAMBOTS. YOU NEED JAVASCRIPT ENABLED TO VIEW IT.,,
CALCULO DIFERENCIAL,B,MARTES/10-12/F2,JUEVES/10-12/F2,,OCTAVIO JOSE OBREGON DIAZ,THIS EMAIL ADDRESS IS BEING PROTECTED FROM SPAMBOTS. YOU NEED JAVASCRIPT ENABLED TO VIEW IT.,,
CALCULO DIFERENCIAL,C,MARTES/12-14/F8,JUEVES/12-14/F8,,CARSTEN HOLTFORT,THIS EMAIL ADDRESS IS BEING PROTECTED FROM SPAMBOTS. YOU NEED JAVASCRIPT ENABLED TO VIEW IT.,,
CALCULO DIFERENCIAL,D,MARTES/15-17/G1,JUEVES/15-17/G1,,EDUARDO MARTINEZ RAMIREZ,THIS EMAIL ADDRESS IS BEING PROTECTED FROM SPAMBOTS. YOU NEED JAVASCRIPT ENABLED TO VIEW IT.,,
CALCULO DIFERENCIAL,E,LUNES/12-14/G1,JUEVES/12-14/G1,,AZARAEL ADONAY YEBRA PEREZ,THIS EMAIL ADDRESS IS BEING PROTECTED FROM SPAMBOTS. YOU NEED JAVASCRIPT ENABLED TO VIEW IT.,,
CALCULO INTEGRAL,A,MARTES/10-12/F7,JUEVES/10-12/F7,,PABLO DANIEL YEPIZ GRACIANO,THIS EMAIL ADDRESS IS BEING PROTECTED FROM SPAMBOTS. YOU NEED JAVASCRIPT ENABLED TO VIEW IT.,,
CALCULO INTEGRAL,B,MIERCOLES/10-12/G1,VIERNES/10-12/G1,,ETNA DAFNE YANEZ ROLDAN,THIS EMAIL ADDRESS IS BEING PROTECTED FROM SPAMBOTS. YOU NEED JAVASCRIPT ENABLED TO VIEW IT.,,
CALCULO INTEGRAL,C,LUNES/12-14/F2,MIERCOLES/12-14/F2,,MODESTO ANTONIO SOSA AQUINO,THIS EMAIL ADDRESS IS BEING PROTECTED FROM SPAMBOTS. YOU NEED JAVASCRIPT ENABLED TO VIEW IT.,,
CALCULO INTEGRAL,D,MARTES/12-14/F1,JUEVES/12-14/F1,,LENIN FRANCISCO ESCAMILLA HERRERA,THIS EMAIL ADDRESS IS BEING PROTECTED FROM SPAMBOTS. YOU NEED JAVASCRIPT ENABLED TO VIEW IT.,,
CALCULO INTEGRAL,E,LUNES/15-17/F2,MIERCOLES/15-17/F2,,EDUARDO MARTINEZ RAMIREZ,THIS EMAIL ADDRESS IS BEING PROTECTED FROM SPAMBOTS. YOU NEED JAVASCRIPT ENABLED TO VIEW IT.,,
CALCULO INTEGRAL,F,MARTES/15-17F2,JUEVES/15-17/F2,,LUIS ARTURO URENA LOPEZ,THIS EMAIL ADDRESS IS BEING PROTECTED FROM SPAMBOTS. YOU NEED JAVASCRIPT ENABLED TO VIEW IT.,,
CALCULO INTEGRAL,G,MIERCOLES/12-14/F7,VIERNES/12-14/F7,,CARSTEN HOLTFORT,THIS EMAIL ADDRESS IS BEING PROTECTED FROM SPAMBOTS. YOU NEED JAVASCRIPT ENABLED TO VIEW IT.,,
CARACTERIZACION DE NANOMATERIALES,A,LUNES/15-19/SEDE SAN CARLOS,,,CHRISTIAN GOMEZ SOLIS,THIS EMAIL ADDRESS IS BEING PROTECTED FROM SPAMBOTS. YOU NEED JAVASCRIPT ENABLED TO VIEW IT.,,
CIENCIA DE MATERIALES,A,MIERCOLES/17-19/F5,VIERNES/17-19/F5,,JULIO CESAR ARMAS PEREZ,THIS EMAIL ADDRESS IS BEING PROTECTED FROM SPAMBOTS. YOU NEED JAVASCRIPT ENABLED TO VIEW IT.,,
CINETICA QUIMICA Y CATALISIS,A-I,LUNES/12-14/F9,MIERCOLES/11-12/LAB. DE QUIMICA EDIF. G,VIERNES/9-12/LAB. DE QUIMICA EDIF. G,JOSE JORGE DELGADO GARCIA,THIS EMAIL ADDRESS IS BEING PROTECTED FROM SPAMBOTS. YOU NEED JAVASCRIPT ENABLED TO VIEW IT.,,
COMUNICACION ORAL Y ESCRITA,A,LUNES/15-18/SALA DE JUNTAS EDIF. A,,,MA. DEL CARMEN VARELA CHAVEZ,THIS EMAIL ADDRESS IS BEING PROTECTED FROM SPAMBOTS. YOU NEED JAVASCRIPT ENABLED TO VIEW IT.,,
COSMOLOGIA,A,MARTES/17-19/ F1,VIERNES/17-19/AUDITORIO EDIF. G,,ALMA XOCHITL GONZALEZ MORALES,THIS EMAIL ADDRESS IS BEING PROTECTED FROM SPAMBOTS. YOU NEED JAVASCRIPT ENABLED TO VIEW IT.,,
DEBATES ETICOS CONTEMPORANEOS Y DERECHOS HUMANOS,A,MIERCOLES/16-19/AUDITORIO EDIF. G,,,FERNANDO AGUAS ANGEL,THIS EMAIL ADDRESS IS BEING PROTECTED FROM SPAMBOTS. YOU NEED JAVASCRIPT ENABLED TO VIEW IT.,,
DEBATES ETICOS CONTEMPORANEOS Y DERECHOS HUMANOS,B,VIERNES/10-12/JARDIN FUERA CAFETERIA,VIERNES/14-15/C3,,GUSTAVO NIZ QUEVEDO,THIS EMAIL ADDRESS IS BEING PROTECTED FROM SPAMBOTS. YOU NEED JAVASCRIPT ENABLED TO VIEW IT.,,
DESARROLLO HISTORICO DE LA FISICA MODERNA,A,MIERCOLES/10-12/AUDITORIO DEL EDIF. B,VIERNES/10-11/AUDITORIO DEL EDIFICIO B,,JUAN BARRANCO MONARCA,THIS EMAIL ADDRESS IS BEING PROTECTED FROM SPAMBOTS. YOU NEED JAVASCRIPT ENABLED TO VIEW IT.,,
DISENO DE PROCESOS,A,"MARTES/8-10/ LAB. DE QUIMICA, EDIF. F",SABADO/11-13/ CENTRO DE COMPUTO 1,,JOSE DE JESUS IBARRA SANCHEZ,THIS EMAIL ADDRESS IS BEING PROTECTED FROM SPAMBOTS. YOU NEED JAVASCRIPT ENABLED TO VIEW IT.,,
ECUACIONES DIFERENCIALES ORDINARIAS,A,LUNES/10-12/F8,JUEVES/10-12/F8,,FRANCISCO MIGUEL VARGAS LUNA,THIS EMAIL ADDRESS IS BEING PROTECTED FROM SPAMBOTS. YOU NEED JAVASCRIPT ENABLED TO VIEW IT.,,
ECUACIONES DIFERENCIALES ORDINARIAS,B,LUNES/12-14/F5,MIERCOLES/12-14/F5,,FRANCISCO MIGUEL VARGAS LUNA,THIS EMAIL ADDRESS IS BEING PROTECTED FROM SPAMBOTS. YOU NEED JAVASCRIPT ENABLED TO VIEW IT.,,
ECUACIONES DIFERENCIALES ORDINARIAS,C,MARTES/17-19/F5,JUEVES/17-19/F5,,LUIS ARTURO URENA LOPEZ,THIS EMAIL ADDRESS IS BEING PROTECTED FROM SPAMBOTS. YOU NEED JAVASCRIPT ENABLED TO VIEW IT.,,
ECUACIONES DIFERENCIALES PARCIALES,A,MIERCOLES/8-10/F2,VIERNES/10-12/C2,,AZARAEL ADONAY YEBRA PEREZ,THIS EMAIL ADDRESS IS BEING PROTECTED FROM SPAMBOTS. YOU NEED JAVASCRIPT ENABLED TO VIEW IT.,,
ELECTRICIDAD Y MAGNETISMO,A-VI,MARTES/10-12/F6,JUEVES/10-12/F6,VIERNES/8-10/LAB. DE FISICA EDIF. G,JOSE SOCORRO GARCIA DIAZ,THIS EMAIL ADDRESS IS BEING PROTECTED FROM SPAMBOTS. YOU NEED JAVASCRIPT ENABLED TO VIEW IT.,,
ELECTRICIDAD Y MAGNETISMO,A-VII,MARTES/10-12/F6,JUEVES/10-12/F6,LUNES/10-12/LAB. DE FISICA EDIF. G,JOSE SOCORRO GARCIA DIAZ,THIS EMAIL ADDRESS IS BEING PROTECTED FROM SPAMBOTS. YOU NEED JAVASCRIPT ENABLED TO VIEW IT.,JULIAN FELIX VALDEZ,THIS EMAIL ADDRESS IS BEING PROTECTED FROM SPAMBOTS. YOU NEED JAVASCRIPT ENABLED TO VIEW IT.
ELECTRICIDAD Y MAGNETISMO,B-IX,JUEVES/10-12/F5,VIERNES/10-12/F5,VIERNES/8-10/LAB. DE FISICA EDIF. C,ERICK SARMIENTO GOMEZ,THIS EMAIL ADDRESS IS BEING PROTECTED FROM SPAMBOTS. YOU NEED JAVASCRIPT ENABLED TO VIEW IT.,JULIAN FELIX VALDEZ,THIS EMAIL ADDRESS IS BEING PROTECTED FROM SPAMBOTS. YOU NEED JAVASCRIPT ENABLED TO VIEW IT.
ELECTRICIDAD Y MAGNETISMO,B-V,JUEVES/10-12/F5,VIERNES/10-12/F5,MARTES/10-12/LAB. DE FISICA EDIF. C,ERICK SARMIENTO GOMEZ,THIS EMAIL ADDRESS IS BEING PROTECTED FROM SPAMBOTS. YOU NEED JAVASCRIPT ENABLED TO VIEW IT.,EDGAR VALENCIA RODRIGUEZ,THIS EMAIL ADDRESS IS BEING PROTECTED FROM SPAMBOTS. YOU NEED JAVASCRIPT ENABLED TO VIEW IT.
ELECTRICIDAD Y MAGNETISMO,C-III,LUNES/10-12/F7,JUEVES/12-14/F7,MIERCOLES/10-12/LAB. DE FISICA EDIF. G,MA. ISABEL DELGADILLO CANO,THIS EMAIL ADDRESS IS BEING PROTECTED FROM SPAMBOTS. YOU NEED JAVASCRIPT ENABLED TO VIEW IT.,JOSE SOCORRO GARCIA DIAZ,THIS EMAIL ADDRESS IS BEING PROTECTED FROM SPAMBOTS. YOU NEED JAVASCRIPT ENABLED TO VIEW IT.
ELECTRICIDAD Y MAGNETISMO,C-IV,LUNES/10-12/F7,JUEVES/12-14/F7,MIERCOLES/10-12/LAB. DE FISICA EDIF. C,MA. ISABEL DELGADILLO CANO,THIS EMAIL ADDRESS IS BEING PROTECTED FROM SPAMBOTS. YOU NEED JAVASCRIPT ENABLED TO VIEW IT.,JULIAN FELIX VALDEZ,THIS EMAIL ADDRESS IS BEING PROTECTED FROM SPAMBOTS. YOU NEED JAVASCRIPT ENABLED TO VIEW IT.
ELECTRICIDAD Y MAGNETISMO,D-I,LUNES/12-14/F7,VIERNES/12-14/F2,JUEVES/8-10/LAB. DE FISICA EDIF. G,MA. ISABEL DELGADILLO CANO,THIS EMAIL ADDRESS IS BEING PROTECTED FROM SPAMBOTS. YOU NEED JAVASCRIPT ENABLED TO VIEW IT.,GEORFREY HUMBERTO ISRAEL MAURY CUNA,THIS EMAIL ADDRESS IS BEING PROTECTED FROM SPAMBOTS. YOU NEED JAVASCRIPT ENABLED TO VIEW IT.
ELECTRICIDAD Y MAGNETISMO,D-II,LUNES/12-14/F7,VIERNES/12-14/F2,JUEVES/12-14/LAB. DE FISICA EDIF. C,MA. ISABEL DELGADILLO CANO,THIS EMAIL ADDRESS IS BEING PROTECTED FROM SPAMBOTS. YOU NEED JAVASCRIPT ENABLED TO VIEW IT.,GEORFREY HUMBERTO ISRAEL MAURY CUNA,THIS EMAIL ADDRESS IS BEING PROTECTED FROM SPAMBOTS. YOU NEED JAVASCRIPT ENABLED TO VIEW IT.
ELECTRICIDAD Y MAGNETISMO,E-V,LUNES/15-17/F6,VIERNES/15-17/F6,MARTES/10-12/LAB. DE FISICA EDIF. C,MA. ISABEL DELGADILLO CANO,THIS EMAIL ADDRESS IS BEING PROTECTED FROM SPAMBOTS. YOU NEED JAVASCRIPT ENABLED TO VIEW IT.,EDGAR VALENCIA RODRIGUEZ,THIS EMAIL ADDRESS IS BEING PROTECTED FROM SPAMBOTS. YOU NEED JAVASCRIPT ENABLED TO VIEW IT.
ELECTRICIDAD Y MAGNETISMO,E-VIII,LUNES/15-17/F6,VIERNES/15-17/F6,MIERCOLES/8-10/LAB. DE FISICA EDIF. C,MA. ISABEL DELGADILLO CANO,THIS EMAIL ADDRESS IS BEING PROTECTED FROM SPAMBOTS. YOU NEED JAVASCRIPT ENABLED TO VIEW IT.,JULIAN FELIX VALDEZ,THIS EMAIL ADDRESS IS BEING PROTECTED FROM SPAMBOTS. YOU NEED JAVASCRIPT ENABLED TO VIEW IT.
ELECTROMAGNETISMO,A,MARTES/10-12/AUDITORIO DEL EDIF. B,JUEVES/10-12/ AUDITORIO DEL EDIF. B,,RAMON CASTANEDA PRIEGO,THIS EMAIL ADDRESS IS BEING PROTECTED FROM SPAMBOTS. YOU NEED JAVASCRIPT ENABLED TO VIEW IT.,,
ELECTROMAGNETISMO,B,MARTES/8-10/F7,JUEVES/8-10/F7,,GERARDO GUTIERREZ JUAREZ,THIS EMAIL ADDRESS IS BEING PROTECTED FROM SPAMBOTS. YOU NEED JAVASCRIPT ENABLED TO VIEW IT.,,
ESTRUCTURA DE LA MATERIA,A,MIERCOLES/12-13/ AUDITORIO EDIF. G,JUEVES/10-12/C3,,JOSE JORGE DELGADO GARCIA,THIS EMAIL ADDRESS IS BEING PROTECTED FROM SPAMBOTS. YOU NEED JAVASCRIPT ENABLED TO VIEW IT.,,
EVALUACION DE TECNOLOGIA HOSPITALARIA,A,MARTES/17-19/F9,JUEVES/17-19/F9,,EDGAR GONZALEZ CAMPOS,THIS EMAIL ADDRESS IS BEING PROTECTED FROM SPAMBOTS. YOU NEED JAVASCRIPT ENABLED TO VIEW IT.,,
FENOMENOS DE TRANSPORTE,A,MIERCOLES/8-10/F5,VIERNES/8-10/F5,,IRAIS AMARANTA QUINTERO ORTEGA,THIS EMAIL ADDRESS IS BEING PROTECTED FROM SPAMBOTS. YOU NEED JAVASCRIPT ENABLED TO VIEW IT.,,
FISICA CUANTICA,A-I,LUNES/15-17/F1,MIERCOLES/15-17/F1,JUEVES/15-17/LAB. DE FISICA EDIF. G,JOSE LUIS LUCIO MARTINEZ,THIS EMAIL ADDRESS IS BEING PROTECTED FROM SPAMBOTS. YOU NEED JAVASCRIPT ENABLED TO VIEW IT.,MIGUEL ANGEL HONORATO COLIN,THIS EMAIL ADDRESS IS BEING PROTECTED FROM SPAMBOTS. YOU NEED JAVASCRIPT ENABLED TO VIEW IT.
FISICA CUANTICA,A-II,LUNES/15-17/F1,MIERCOLES/15-17/F1,MARTES/15-17/LAB DE FISICA EDIF. G,JOSE LUIS LUCIO MARTINEZ,THIS EMAIL ADDRESS IS BEING PROTECTED FROM SPAMBOTS. YOU NEED JAVASCRIPT ENABLED TO VIEW IT.,MIGUEL ANGEL HONORATO COLIN,THIS EMAIL ADDRESS IS BEING PROTECTED FROM SPAMBOTS. YOU NEED JAVASCRIPT ENABLED TO VIEW IT.
FISICA DE LASERES,A,LUNES/17-19/F9,MIERCOLES/17-19/F9,,SERGIO AUGUSTO ROMERO SERVIN,THIS EMAIL ADDRESS IS BEING PROTECTED FROM SPAMBOTS. YOU NEED JAVASCRIPT ENABLED TO VIEW IT.,,
FISICA DE RADIACIONES,A,LUNES/15-17/C2,MIERCOLES/15-17/C2,,KENIA MADRAZO DE LA ROSA,THIS EMAIL ADDRESS IS BEING PROTECTED FROM SPAMBOTS. YOU NEED JAVASCRIPT ENABLED TO VIEW IT.,,
FISICA GENERAL,A-III,MARTES/10-12/AUDITORIO G,VIERNES/8-10/ AUDITORIO G,LUNES/10-12/LAB. DE FISICA EDIF. C,GEMMA ELIZABETH PEREZ CUELLAR,THIS EMAIL ADDRESS IS BEING PROTECTED FROM SPAMBOTS. YOU NEED JAVASCRIPT ENABLED TO VIEW IT.,JOSE SOCORRO GARCIA DIAZ,THIS EMAIL ADDRESS IS BEING PROTECTED FROM SPAMBOTS. YOU NEED JAVASCRIPT ENABLED TO VIEW IT.
FISICA GENERAL,A-IV,MARTES/10-12/AUDITORIO G,VIERNES/8-10/ AUDITORIO G,LUNES/8-10/LAB. DE FISICA EDIF. G,GEMMA ELIZABETH PEREZ CUELLAR,THIS EMAIL ADDRESS IS BEING PROTECTED FROM SPAMBOTS. YOU NEED JAVASCRIPT ENABLED TO VIEW IT.,JOSE MIGUEL RAMOS MORENO,THIS EMAIL ADDRESS IS BEING PROTECTED FROM SPAMBOTS. YOU NEED JAVASCRIPT ENABLED TO VIEW IT.
FISICA GENERAL,B-I,JUEVES/12-14/AUDITORIO EDIF. G,VIERNES/8-10/C2,MARTES/8-10/LAB. DE FISICA EDIF. G,ARGELIA BERNAL BAUTISTA,THIS EMAIL ADDRESS IS BEING PROTECTED FROM SPAMBOTS. YOU NEED JAVASCRIPT ENABLED TO VIEW IT.,JOSE MIGUEL RAMOS MORENO,THIS EMAIL ADDRESS IS BEING PROTECTED FROM SPAMBOTS. YOU NEED JAVASCRIPT ENABLED TO VIEW IT.
FISICA GENERAL,B-II,JUEVES/12-14/AUDITORIO EDIF. G,VIERNES/8-10/C2,MARTES/8-10/LAB. DE FISICA EDIF. C,ARGELIA BERNAL BAUTISTA,THIS EMAIL ADDRESS IS BEING PROTECTED FROM SPAMBOTS. YOU NEED JAVASCRIPT ENABLED TO VIEW IT.,ANGELICA HERNANDEZ RAYAS,THIS EMAIL ADDRESS IS BEING PROTECTED FROM SPAMBOTS. YOU NEED JAVASCRIPT ENABLED TO VIEW IT.
FISICA RELATIVISTA,A,MIERCOLES/10-12/F2,VIERNES/10-12/F2,,OSCAR GERARDO LOAIZA BRITO,THIS EMAIL ADDRESS IS BEING PROTECTED FROM SPAMBOTS. YOU NEED JAVASCRIPT ENABLED TO VIEW IT.,,
FISICA RELATIVISTA,B,LUNES/8-10/ G1,MIERCOLES/8-10/F8,,GUSTAVO NIZ QUEVEDO,THIS EMAIL ADDRESS IS BEING PROTECTED FROM SPAMBOTS. YOU NEED JAVASCRIPT ENABLED TO VIEW IT.,,
"FLUIDOS, ONDAS Y TEMPERATURA",A-II,MIERCOLES/12-14/F9,VIERNES/8-10/F9,JUEVES/10-12/LAB. DE FISICA EDIF. G,GEORFREY HUMBERTO ISRAEL MAURY CUNA,THIS EMAIL ADDRESS IS BEING PROTECTED FROM SPAMBOTS. YOU NEED JAVASCRIPT ENABLED TO VIEW IT.,JOSUE ADIN MINGUELA GALLARDO,THIS EMAIL ADDRESS IS BEING PROTECTED FROM SPAMBOTS. YOU NEED JAVASCRIPT ENABLED TO VIEW IT.
"FLUIDOS, ONDAS Y TEMPERATURA",A-III,MIERCOLES/12-14/F9,VIERNES/8-10/F9,JUEVES/10-12/LAB. DE FISICA EDIF. C,GEORFREY HUMBERTO ISRAEL MAURY CUNA,THIS EMAIL ADDRESS IS BEING PROTECTED FROM SPAMBOTS. YOU NEED JAVASCRIPT ENABLED TO VIEW IT.,NATALIA RINCON LONDONO,THIS EMAIL ADDRESS IS BEING PROTECTED FROM SPAMBOTS. YOU NEED JAVASCRIPT ENABLED TO VIEW IT.
"FLUIDOS, ONDAS Y TEMPERATURA",B-I,MARTES/11-13/F9,VIERNES/12-14/F9,MIERCOLES/8-10/LAB. DE FISICA EDIF. G,ANA LAURA BENAVIDES OBREGON,THIS EMAIL ADDRESS IS BEING PROTECTED FROM SPAMBOTS. YOU NEED JAVASCRIPT ENABLED TO VIEW IT.,NATALIA RINCON LONDONO,THIS EMAIL ADDRESS IS BEING PROTECTED FROM SPAMBOTS. YOU NEED JAVASCRIPT ENABLED TO VIEW IT.
"FLUIDOS, ONDAS Y TEMPERATURA",B-III,MARTES/11-13/F9,VIERNES/12-14/F9,JUEVES/10-12/LAB. DE FISICA EDIF. C,ANA LAURA BENAVIDES OBREGON,THIS EMAIL ADDRESS IS BEING PROTECTED FROM SPAMBOTS. YOU NEED JAVASCRIPT ENABLED TO VIEW IT.,NATALIA RINCON LONDONO,THIS EMAIL ADDRESS IS BEING PROTECTED FROM SPAMBOTS. YOU NEED JAVASCRIPT ENABLED TO VIEW IT.
"FLUIDOS, ONDAS Y TEMPERATURA",C-IV,MIERCOLES/12-14/F6,JUEVES/12-14/F6,MARTES/12-14/LAB. DE FISICA EDIF. G,ANA LAURA BENAVIDES OBREGON,THIS EMAIL ADDRESS IS BEING PROTECTED FROM SPAMBOTS. YOU NEED JAVASCRIPT ENABLED TO VIEW IT.,JOSUE ADIN MINGUELA GALLARDO,THIS EMAIL ADDRESS IS BEING PROTECTED FROM SPAMBOTS. YOU NEED JAVASCRIPT ENABLED TO VIEW IT.
"FLUIDOS, ONDAS Y TEMPERATURA",C-VI,MIERCOLES/12-14/F6,JUEVES/12-14/F6,LUNES/8-10/LAB. DE FISICA EDIF. C,ANA LAURA BENAVIDES OBREGON,THIS EMAIL ADDRESS IS BEING PROTECTED FROM SPAMBOTS. YOU NEED JAVASCRIPT ENABLED TO VIEW IT.,NATALIA RINCON LONDONO,THIS EMAIL ADDRESS IS BEING PROTECTED FROM SPAMBOTS. YOU NEED JAVASCRIPT ENABLED TO VIEW IT.
"FLUIDOS, ONDAS Y TEMPERATURA",D-V,MARTES/12-14/F6,VIERNES/12-14/F6,JUEVES/12-14/ LAB. DE FISICA EDIF. G,MODESTO ANTONIO SOSA AQUINO,THIS EMAIL ADDRESS IS BEING PROTECTED FROM SPAMBOTS. YOU NEED JAVASCRIPT ENABLED TO VIEW IT.,NATALIA RINCON LONDONO,THIS EMAIL ADDRESS IS BEING PROTECTED FROM SPAMBOTS. YOU NEED JAVASCRIPT ENABLED TO VIEW IT.
"FLUIDOS, ONDAS Y TEMPERATURA",D-VI,MARTES/12-14/F6,VIERNES/12-14/F6,LUNES/8-10/LAB. DE FISICA EDIF. C,MODESTO ANTONIO SOSA AQUINO,THIS EMAIL ADDRESS IS BEING PROTECTED FROM SPAMBOTS. YOU NEED JAVASCRIPT ENABLED TO VIEW IT.,NATALIA RINCON LONDONO,THIS EMAIL ADDRESS IS BEING PROTECTED FROM SPAMBOTS. YOU NEED JAVASCRIPT ENABLED TO VIEW IT.
FUNCIONES ESPECIALES,A,MARTES/8-10/G1,VIERNES/8-10/G1,,DAVID Y. G. DELEPINE,THIS EMAIL ADDRESS IS BEING PROTECTED FROM SPAMBOTS. YOU NEED JAVASCRIPT ENABLED TO VIEW IT.,,
FUNDAMENTOS DE PROCESAMIENTO DIGITAL DE IMAGENES,A,MARTES/17-19/ CENTRO DE COMPUTO 2,VIERNES/17-19/CENTRO DE COMPUTO 2,,ARTURO GONZALEZ VEGA,THIS EMAIL ADDRESS IS BEING PROTECTED FROM SPAMBOTS. YOU NEED JAVASCRIPT ENABLED TO VIEW IT.,,
FUNDAMENTOS DE PROCESAMIENTO DIGITAL DE SENALES,A,MARTES/8-10/CENTRO DE COMPUTO 2,JUEVES/8-10/CENTRO DE COMPUTO 2,,ARTURO GONZALEZ VEGA,THIS EMAIL ADDRESS IS BEING PROTECTED FROM SPAMBOTS. YOU NEED JAVASCRIPT ENABLED TO VIEW IT.,,
FUNDAMENTOS DE PROCESAMIENTO DIGITAL DE SENALES,B,LUNES/17-19/CENTRO DE COMPUTO 1,MIERCOLES/17-19/CENTRO DE COMPUTO 1,,HUETZIN AARON PEREZ OLIVAS,THIS EMAIL ADDRESS IS BEING PROTECTED FROM SPAMBOTS. YOU NEED JAVASCRIPT ENABLED TO VIEW IT.,,
FUNDAMENTOS FILOSOFICO-EPISTEMOLOGICOS,A,VIERNES/15-18/G1,,,MA. DEL CARMEN VARELA CHAVEZ,THIS EMAIL ADDRESS IS BEING PROTECTED FROM SPAMBOTS. YOU NEED JAVASCRIPT ENABLED TO VIEW IT.,,
GEOMETRIA DIFERENCIAL,A,LUNES/17-19/F8,MIERCOLES/17-19/F8,,OSCAR GERARDO LOAIZA BRITO,THIS EMAIL ADDRESS IS BEING PROTECTED FROM SPAMBOTS. YOU NEED JAVASCRIPT ENABLED TO VIEW IT.,,
HERRAMIENTAS INFORMATICAS Y GESTION DE LA INFORMACION,A,LUNES/12-15/ CENTRO DE COMPUTO 1,,,ALAN LOPEZ MARTINEZ,THIS EMAIL ADDRESS IS BEING PROTECTED FROM SPAMBOTS. YOU NEED JAVASCRIPT ENABLED TO VIEW IT.,,
HERRAMIENTAS INFORMATICAS Y GESTION DE LA INFORMACION,B,LUNES/8-11/ CENTRO DE COMPUTO 2,,,DELIA IRAZU HERNANDEZ FARIAS,THIS EMAIL ADDRESS IS BEING PROTECTED FROM SPAMBOTS. YOU NEED JAVASCRIPT ENABLED TO VIEW IT.,,
INGENIERIA AMBIENTAL DEL AGUA Y SUELOS,A,LUNES/17-19/F2,MIERCOLES/17-19/F2,,EDGAR VAZQUEZ NUNEZ,THIS EMAIL ADDRESS IS BEING PROTECTED FROM SPAMBOTS. YOU NEED JAVASCRIPT ENABLED TO VIEW IT.,,
INGENIERIA CLINICA,A,MARTES/17-19/LAB. DE ELECTRONICA EDIF. G,MIERCOLES/17-19/LAB. DE ELECTRONICA EDIF. G,JUEVES/17-19/LAB. DE ELECTRONICA EDIF. G,JOSE GONZALEZ CRUZ,THIS EMAIL ADDRESS IS BEING PROTECTED FROM SPAMBOTS. YOU NEED JAVASCRIPT ENABLED TO VIEW IT.,,
INGENIERIA DE CALOR,A,LUNES/17-19/F1,MIERCOLES/17-19/F1,,JOSE DE JESUS IBARRA SANCHEZ,THIS EMAIL ADDRESS IS BEING PROTECTED FROM SPAMBOTS. YOU NEED JAVASCRIPT ENABLED TO VIEW IT.,,
INGENIERIA DE CONTROL,A,MIERCOLES/12-14/LAB. DE ELECTRONICA EDIF. G,VIERNES/8-12/LAB. DE ELECTRONICA EDIF. G,,CARLOS VILLASENOR MORA,THIS EMAIL ADDRESS IS BEING PROTECTED FROM SPAMBOTS. YOU NEED JAVASCRIPT ENABLED TO VIEW IT.,,
INGENIERIA DE CONTROL DE PROCESOS,A,MARTES/12-14/AUDITORIO EDIF. B,"JUEVES/10-12/LAB. DE ING. QUIMICA, EDIF. G",,CHRISTIAN FELIPE RODRIGUEZ ROBLES,THIS EMAIL ADDRESS IS BEING PROTECTED FROM SPAMBOTS. YOU NEED JAVASCRIPT ENABLED TO VIEW IT.,,
INGENIERIA DE FLUIDOS,A,LUNES/10-12/G1,MIERCOLES/12-14/C3,,BIRZABITH MENDOZA NOVELO,THIS EMAIL ADDRESS IS BEING PROTECTED FROM SPAMBOTS. YOU NEED JAVASCRIPT ENABLED TO VIEW IT.,,
INGENIERIA DE PROYECTOS,A,LUNES/15-17/CENTRO DE COMPUTO 2,MIERCOLES/15-18/CENTRO DE COMPUTO 2,,IRAIS AMARANTA QUINTERO ORTEGA,THIS EMAIL ADDRESS IS BEING PROTECTED FROM SPAMBOTS. YOU NEED JAVASCRIPT ENABLED TO VIEW IT.,,
INGENIERIA DE REACTORES HETEROGENEOS,A,MARTES/15-17/F9,JUEVES/15-17/F9,,JOSE DE JESUS IBARRA SANCHEZ,THIS EMAIL ADDRESS IS BEING PROTECTED FROM SPAMBOTS. YOU NEED JAVASCRIPT ENABLED TO VIEW IT.,,
INGENIERIA DE REACTORES HOMOGENEOS,A,LUNES/8-10/F2,JUEVES/8-10/LAB. DE ELECTRONICA EDIF. D (AULA),,CARLOS EDUARDO MOLINA GUERRERO,THIS EMAIL ADDRESS IS BEING PROTECTED FROM SPAMBOTS. YOU NEED JAVASCRIPT ENABLED TO VIEW IT.,,
INGENIERIA ECONOMICA,A,VIERNES/12-15/ C2,,,JUAN FRANCISCO RAYAS ROJAS,THIS EMAIL ADDRESS IS BEING PROTECTED FROM SPAMBOTS. YOU NEED JAVASCRIPT ENABLED TO VIEW IT.,,
INGENIERIA EN REHABILITACION,A,MARTES/14-17/LAB. DE ELECTRONICA EDIF. G,JUEVES/14-17/LAB. DE ELECTRONICA EDIF. G,,ARTURO VEGA GONZALEZ,THIS EMAIL ADDRESS IS BEING PROTECTED FROM SPAMBOTS. YOU NEED JAVASCRIPT ENABLED TO VIEW IT.,SAMUEL ALEJANDRO JUAREZ SANCHEZ,"THIS EMAIL ADDRESS IS BEING PROTECTED FROM SPAMBOTS. YOU NEED JAVASCRIPT ENABLED TO VIEW IT., THIS EMAIL ADDRESS IS BEING PROTECTED FROM SPAMBOTS. YOU NEED JAVASCRIPT ENABLED TO VIEW IT."
INGLES I,A,LUNES/14-15:30/F7,MIERCOLES/14-15:30/F7,,DENIA NAVARRO VILLAFANA,THIS EMAIL ADDRESS IS BEING PROTECTED FROM SPAMBOTS. YOU NEED JAVASCRIPT ENABLED TO VIEW IT.,,
INGLES I,B,VIERNES/15-18/C2,,,DENIA NAVARRO VILLAFANA,THIS EMAIL ADDRESS IS BEING PROTECTED FROM SPAMBOTS. YOU NEED JAVASCRIPT ENABLED TO VIEW IT.,,
INGLES II,A,MARTES/14-16/F7,JUEVES/14-15/F7,,JOSE CRUZ HERNANDEZ PONCE,THIS EMAIL ADDRESS IS BEING PROTECTED FROM SPAMBOTS. YOU NEED JAVASCRIPT ENABLED TO VIEW IT.,,
INSTRUMENTACION MEDICA,A,MIERCOLES/14-17/LAB. DE ELECTRONICA EDIF. G,VIERNES/12-15/LAB. DE ELECTRONIA EDIF. G,,MIGUEL ANGEL NOGUERON PEREZ,THIS EMAIL ADDRESS IS BEING PROTECTED FROM SPAMBOTS. YOU NEED JAVASCRIPT ENABLED TO VIEW IT.,,
INTRODUCCION A LA METODOLOGIA DE LA INVESTIGACION,A,MIERCOLES/16-19/F6,,,RUBEN ALEJANDRO AGUEDA ALTUZAR,THIS EMAIL ADDRESS IS BEING PROTECTED FROM SPAMBOTS. YOU NEED JAVASCRIPT ENABLED TO VIEW IT.,,
INTRODUCCION A LA METODOLOGIA DE LA INVESTIGACION,B,LUNES/10-12/SALA DE JUNTAS EDIF. D,JUEVES/11-12/SALA DE JUNTAS EDIF. D,,ARTURO VEGA GONZALEZ,THIS EMAIL ADDRESS IS BEING PROTECTED FROM SPAMBOTS. YOU NEED JAVASCRIPT ENABLED TO VIEW IT.,,
INVESTIGACION DE OPERACIONES,A,MARTES/12-14/C2,VIERNES/12-14/G1,,ALAN LOPEZ MARTINEZ,THIS EMAIL ADDRESS IS BEING PROTECTED FROM SPAMBOTS. YOU NEED JAVASCRIPT ENABLED TO VIEW IT.,,
LABORATORIO DE ASTRONOMIA,A,LUNES/16-20/,,,KLAUS PETER SCHRODER,THIS EMAIL ADDRESS IS BEING PROTECTED FROM SPAMBOTS. YOU NEED JAVASCRIPT ENABLED TO VIEW IT.,JUAN PABLO TORRES PAPAQUI,THIS EMAIL ADDRESS IS BEING PROTECTED FROM SPAMBOTS. YOU NEED JAVASCRIPT ENABLED TO VIEW IT.
LABORATORIO DE ASTRONOMIA,B,LUNES/16-20/,,,JUAN PABLO TORRES PAPAQUI,,,
LABORATORIO DE FENOMENOS DE TRANSPORTE,A,SABADO/09-13/LAB. DE IQS EDIF. G,,,MARIO ROSALES RETANA,THIS EMAIL ADDRESS IS BEING PROTECTED FROM SPAMBOTS. YOU NEED JAVASCRIPT ENABLED TO VIEW IT.,,
LABORATORIO DE FENOMENOS DE TRANSPORTE,B,VIERNES/10-14/LAB. DE IQS EDIF. G,,,OMAR MARTINEZ ALVAREZ,THIS EMAIL ADDRESS IS BEING PROTECTED FROM SPAMBOTS. YOU NEED JAVASCRIPT ENABLED TO VIEW IT.,,
LABORATORIO DE PROCESOS DE SEPARACION,A,MIERCOLES/12-16/LAB. DE IQS EDIF. G,,,SARAHI GARCIA CARVAJAL,THIS EMAIL ADDRESS IS BEING PROTECTED FROM SPAMBOTS. YOU NEED JAVASCRIPT ENABLED TO VIEW IT.,,
LABORATORIO DE REACTORES,A,MARTES/12-16/LAB. DE IQS EDIF. G,,,IRAIS AMARANTA QUINTERO ORTEGA,THIS EMAIL ADDRESS IS BEING PROTECTED FROM SPAMBOTS. YOU NEED JAVASCRIPT ENABLED TO VIEW IT.,,
LABORATORIO DE SIMULACION DE PROCESOS,A,MIERCOLES/10-12/CENTRO DE COMPUTO 2,SABADO/13-14/CENTRO DE COMPUTO 1,,JOSE DE JESUS IBARRA SANCHEZ,THIS EMAIL ADDRESS IS BEING PROTECTED FROM SPAMBOTS. YOU NEED JAVASCRIPT ENABLED TO VIEW IT.,,
MATEMATICAS SUPERIORES,A,LUNES/12-14/AUDITORIO G,JUEVES/10-12/AUDITORIO G,VIERNES/12-14/AUDITORIO G,OWEN PAVEL FERNANDEZ PIEDRA,THIS EMAIL ADDRESS IS BEING PROTECTED FROM SPAMBOTS. YOU NEED JAVASCRIPT ENABLED TO VIEW IT.,,
MATEMATICAS SUPERIORES,B,LUNES/8-10/ AUDITORIO EDIF. G,MARTES/8-10/F5,JUEVES/8-10/F2,OSCAR MIGUEL SABIDO MORENO,THIS EMAIL ADDRESS IS BEING PROTECTED FROM SPAMBOTS. YOU NEED JAVASCRIPT ENABLED TO VIEW IT.,,
MECANICA ANALITICA,A,LUNES/12-14/C2,MIERCOLES/12-14/F8,,JUAN BARRANCO MONARCA,THIS EMAIL ADDRESS IS BEING PROTECTED FROM SPAMBOTS. YOU NEED JAVASCRIPT ENABLED TO VIEW IT.,,
MECANICA CLASICA,A-I,MIERCOLES/8-10/ G1,VIERNES/8-10/F2,LUNES/12-14/LAB. DE FISICA EDIF. G,ERICK SARMIENTO GOMEZ,THIS EMAIL ADDRESS IS BEING PROTECTED FROM SPAMBOTS. YOU NEED JAVASCRIPT ENABLED TO VIEW IT.,,
MECANICA CLASICA,A-VI,MIERCOLES/8-10/ G1,VIERNES/8-10/F2,LUNES/12-14/LAB. DE FISICA EDIF. C,ERICK SARMIENTO GOMEZ,THIS EMAIL ADDRESS IS BEING PROTECTED FROM SPAMBOTS. YOU NEED JAVASCRIPT ENABLED TO VIEW IT.,BASILIA QUISPE HUILLCARA,THIS EMAIL ADDRESS IS BEING PROTECTED FROM SPAMBOTS. YOU NEED JAVASCRIPT ENABLED TO VIEW IT.
MECANICA CLASICA,B-II,MARTES/12-14/F2,JUEVES/12-14/F2,MIERCOLES/12-14/LAB. DE FISICA EDIF. G,ALBERTO DIEZ TEJEDOR,THIS EMAIL ADDRESS IS BEING PROTECTED FROM SPAMBOTS. YOU NEED JAVASCRIPT ENABLED TO VIEW IT.,NATALIA RINCON LONDONO,THIS EMAIL ADDRESS IS BEING PROTECTED FROM SPAMBOTS. YOU NEED JAVASCRIPT ENABLED TO VIEW IT.
MECANICA CLASICA,B-VII,MARTES/12-14/F2,JUEVES/12-14/F2,MIERCOLES/12-14/LAB. DE FISICA EDIF C,ALBERTO DIEZ TEJEDOR,THIS EMAIL ADDRESS IS BEING PROTECTED FROM SPAMBOTS. YOU NEED JAVASCRIPT ENABLED TO VIEW IT.,BASILIA QUISPE HUILLCARA,THIS EMAIL ADDRESS IS BEING PROTECTED FROM SPAMBOTS. YOU NEED JAVASCRIPT ENABLED TO VIEW IT.
MECANICA CLASICA,C-IV,MIERCOLES/10-12/F9,VIERNES/10-12/F1,VIERNES/12-14/LAB. DE FISICA EDIF. G,GUSTAVO GUTIERREZ CANO,THIS EMAIL ADDRESS IS BEING PROTECTED FROM SPAMBOTS. YOU NEED JAVASCRIPT ENABLED TO VIEW IT.,ERICK SARMIENTO GOMEZ,THIS EMAIL ADDRESS IS BEING PROTECTED FROM SPAMBOTS. YOU NEED JAVASCRIPT ENABLED TO VIEW IT.
MECANICA CLASICA,C-VIII,MIERCOLES/10-12/F9,VIERNES/10-12/F1,VIERNES/12-14/LAB. DE FISICA EDIF.C,GUSTAVO GUTIERREZ CANO,THIS EMAIL ADDRESS IS BEING PROTECTED FROM SPAMBOTS. YOU NEED JAVASCRIPT ENABLED TO VIEW IT.,BASILIA QUISPE HUILLCARA,THIS EMAIL ADDRESS IS BEING PROTECTED FROM SPAMBOTS. YOU NEED JAVASCRIPT ENABLED TO VIEW IT.
MECANICA CLASICA,D-III,MARTES/12-14/F7,VIERNES/15-17/F7,VIERNES/10-12/LAB. DE FISICA EDIF. G,GEMMA ELIZABETH PEREZ CUELLAR,THIS EMAIL ADDRESS IS BEING PROTECTED FROM SPAMBOTS. YOU NEED JAVASCRIPT ENABLED TO VIEW IT.,JOSE SOCORRO GARCIA DIAZ,THIS EMAIL ADDRESS IS BEING PROTECTED FROM SPAMBOTS. YOU NEED JAVASCRIPT ENABLED TO VIEW IT.
MECANICA CLASICA,D-IX,MARTES/12-14/F7,VIERNES/15-17/F7,VIERNES/10-12/LAB. DE FISICA EDIF. C,GEMMA ELIZABETH PEREZ CUELLAR,THIS EMAIL ADDRESS IS BEING PROTECTED FROM SPAMBOTS. YOU NEED JAVASCRIPT ENABLED TO VIEW IT.,BASILIA QUISPE HUILLCARA,THIS EMAIL ADDRESS IS BEING PROTECTED FROM SPAMBOTS. YOU NEED JAVASCRIPT ENABLED TO VIEW IT.
MECANICA CLASICA,E-V,MARTES/17-19/G1,JUEVES/17-19/G1,VIERNES/15-17/LAB. DE FISICA EDIF. G,JOSE DE JESUS BERNAL ALVARADO,THIS EMAIL ADDRESS IS BEING PROTECTED FROM SPAMBOTS. YOU NEED JAVASCRIPT ENABLED TO VIEW IT.,NATALIA RINCON LONDONO,THIS EMAIL ADDRESS IS BEING PROTECTED FROM SPAMBOTS. YOU NEED JAVASCRIPT ENABLED TO VIEW IT.
MECANICA CUANTICA,A,LUNES/8-10/F6,MIERCOLES/8-10/F6,,MARCO ANTONIO REYES SANTOS,THIS EMAIL ADDRESS IS BEING PROTECTED FROM SPAMBOTS. YOU NEED JAVASCRIPT ENABLED TO VIEW IT.,,
MECANICA CUANTICA,B,MARTES/10-12/G1,JUEVES/10-12/G1,,JOSE LUIS LUCIO MARTINEZ,THIS EMAIL ADDRESS IS BEING PROTECTED FROM SPAMBOTS. YOU NEED JAVASCRIPT ENABLED TO VIEW IT.,,
MECANICA DE MEDIOS CONTINUOS,A-I,LUNES/8-10/AUDITORIO DEL EDIF. B,MARTES/10-12/LAB. DE FISICA EDIF. G,MIERCOLES/8-10/AUDITORIO DEL EDIF. B,RAMON CASTANEDA PRIEGO,THIS EMAIL ADDRESS IS BEING PROTECTED FROM SPAMBOTS. YOU NEED JAVASCRIPT ENABLED TO VIEW IT.,NATALIA RINCON LONDONO,THIS EMAIL ADDRESS IS BEING PROTECTED FROM SPAMBOTS. YOU NEED JAVASCRIPT ENABLED TO VIEW IT.
MECANICA DE MEDIOS CONTINUOS,A-II,LUNES/8-10/AUDITORIO DEL EDIF. B,MARTES/13-15/LAB. DE FISICA EDIF. C,MIERCOLES/8-10/AUDITORIO DEL EDIF. B,RAMON CASTANEDA PRIEGO,THIS EMAIL ADDRESS IS BEING PROTECTED FROM SPAMBOTS. YOU NEED JAVASCRIPT ENABLED TO VIEW IT.,NATALIA RINCON LONDONO,THIS EMAIL ADDRESS IS BEING PROTECTED FROM SPAMBOTS. YOU NEED JAVASCRIPT ENABLED TO VIEW IT.
MECANICA ESTADISTICA,A,LUNES/8-10/F7,MIERCOLES/8-10/F7,,ALEJANDRO GIL VILLEGAS MONTIEL,THIS EMAIL ADDRESS IS BEING PROTECTED FROM SPAMBOTS. YOU NEED JAVASCRIPT ENABLED TO VIEW IT.,,
MECANICA ESTADISTICA,B,LUNES/10-12/F6,JUEVES/8-10/F6,,FRANCISCO ALARCON OSEGUERA,THIS EMAIL ADDRESS IS BEING PROTECTED FROM SPAMBOTS. YOU NEED JAVASCRIPT ENABLED TO VIEW IT.,,
MEDICION E INSTRUMENTACION,A,LUNES/8-12/LAB. DE ELECTRONICA EDIF. G,MIERCOLES/10-12/ LAB. DE ELECTRONICA EDIF. G,,JOSE MARCO BALLEZA ORDAZ,THIS EMAIL ADDRESS IS BEING PROTECTED FROM SPAMBOTS. YOU NEED JAVASCRIPT ENABLED TO VIEW IT.,,
METODOS DE PREPARACION DE NANOMATERIALES,A,JUEVES/17-19/SEDE SAN CARLOS,VIERNES/15-17/SEDE SAN CARLOS,,CHRISTIAN GOMEZ SOLIS,THIS EMAIL ADDRESS IS BEING PROTECTED FROM SPAMBOTS. YOU NEED JAVASCRIPT ENABLED TO VIEW IT.,,
METODOS NUMERICOS,A,MARTES/10-12/CENTRO DE COMPUTO 1,MIERCOLES/10-12/CENTRO DE COMPUTO 1,VIERNES/10-12/ CENTRO DE COMPUTO 1,KARLA ADRIANA ALAMO MARTINEZ,THIS EMAIL ADDRESS IS BEING PROTECTED FROM SPAMBOTS. YOU NEED JAVASCRIPT ENABLED TO VIEW IT.,,
METODOS NUMERICOS,B,MARTES/15-17/CENTRO DE COMPUTO 2,JUEVES/15-17/CENTRO DE COMPUTO 2,VIERNES/15-17/CENTRO DE COMPUTO 2,KARLA ADRIANA ALAMO MARTINEZ,THIS EMAIL ADDRESS IS BEING PROTECTED FROM SPAMBOTS. YOU NEED JAVASCRIPT ENABLED TO VIEW IT.,,
METODOS NUMERICOS,C,LUNES/15-17/ CENTRO DE COMPUTO 1,MIERCOLES/15-17/CENTRO DE COMPUTO 1,VIERNES/15-17/CENTRO DE COMPUTO 1,HUETZIN AARON PEREZ OLIVAS,THIS EMAIL ADDRESS IS BEING PROTECTED FROM SPAMBOTS. YOU NEED JAVASCRIPT ENABLED TO VIEW IT.,,
MODELO ESTANDAR DE LAS PARTICULAS FUNDAMENTALES,A,MARTES/17-19/F8,JUEVES/17-19/F8,,MAURO NAPSUCIALE MENDIVIL,THIS EMAIL ADDRESS IS BEING PROTECTED FROM SPAMBOTS. YOU NEED JAVASCRIPT ENABLED TO VIEW IT.,,
NEUROFISIOLOGIA,A,LUNES/10-12/LAB. DE BIOLOGIA EDIF. G,MIERCOLES/10-12/LAB. DE BIOLOGIA EDIF. G,JUEVES/10-12/LAB. DE BIOLOGIA EDIF. G,VICTOR HUGO HERNANDEZ GONZALEZ,THIS EMAIL ADDRESS IS BEING PROTECTED FROM SPAMBOTS. YOU NEED JAVASCRIPT ENABLED TO VIEW IT.,,
OPTICA,A-I,LUNES/15-17/F9,MIERCOLES/15-17/F9,JUEVES/8-10/LAB. DE FISICA EDIF. C,RIGOBERTO CASTRO BELTRAN,THIS EMAIL ADDRESS IS BEING PROTECTED FROM SPAMBOTS. YOU NEED JAVASCRIPT ENABLED TO VIEW IT.,,
OPTICA CUANTICA,A,LUNES/15-17/C3,JUEVES/15-17/C2,,CARLOS HERMAN WIECHERS MEDINA,THIS EMAIL ADDRESS IS BEING PROTECTED FROM SPAMBOTS. YOU NEED JAVASCRIPT ENABLED TO VIEW IT.,,
OPTICA NO-LINEAL,A,MARTES/17-19/C3,JUEVES/17-19/C3,,LORENA BERENICE VELAZQUEZ IBARRA,THIS EMAIL ADDRESS IS BEING PROTECTED FROM SPAMBOTS. YOU NEED JAVASCRIPT ENABLED TO VIEW IT.,,
OPTIMIZACION Y SIMULACION DE PROCESOS,A,LUNES/17-19/CENTRO DE COMPUTO 2,JUEVES/17-19/CENTRO DE COMPUTO 2,,CHRISTIAN FELIPE RODRIGUEZ ROBLES,THIS EMAIL ADDRESS IS BEING PROTECTED FROM SPAMBOTS. YOU NEED JAVASCRIPT ENABLED TO VIEW IT.,,
PRINCIPIOS DE OPERACION DE EQUIPOS MEDICOS,A,LUNES/17-19/F6,MIERCOLES/17-19/AUDITORIO DEL EDIF. B,VIERNES/17-19/F6,EDGAR GONZALEZ CAMPOS,THIS EMAIL ADDRESS IS BEING PROTECTED FROM SPAMBOTS. YOU NEED JAVASCRIPT ENABLED TO VIEW IT.,,
PROBABILIDAD Y ESTADISTICA,A,MARTES/8-10/AUDITORIO G,JUEVES/8-10/AUDITORIO G,,FRANCISCO MIGUEL VARGAS LUNA,THIS EMAIL ADDRESS IS BEING PROTECTED FROM SPAMBOTS. YOU NEED JAVASCRIPT ENABLED TO VIEW IT.,,
PROBABILIDAD Y ESTADISTICA,B,MIERCOLES/10-12/F6,VIERNES/10-12/F6,,MARIA GUADALUPE LEON VERDIN,THIS EMAIL ADDRESS IS BEING PROTECTED FROM SPAMBOTS. YOU NEED JAVASCRIPT ENABLED TO VIEW IT.,,
PROBABILIDAD Y ESTADISTICA,C,MARTES/8-10/F6,VIERNES/8-10/F6,,LENIN FRANCISCO ESCAMILLA HERRERA,THIS EMAIL ADDRESS IS BEING PROTECTED FROM SPAMBOTS. YOU NEED JAVASCRIPT ENABLED TO VIEW IT.,,
PROBABILIDAD Y ESTADISTICA,D,LUNES/12-14/F6,MIERCOLES12-14/C2,,MARIA GUADALUPE LEON VERDIN,THIS EMAIL ADDRESS IS BEING PROTECTED FROM SPAMBOTS. YOU NEED JAVASCRIPT ENABLED TO VIEW IT.,,
PROBLEMAS SOCIALES Y DEBATES CONTEMPORANEOS,A,MARTES/16-19/ AUDITORIO EDIF. G,,,FERNANDO AGUAS ANGEL,THIS EMAIL ADDRESS IS BEING PROTECTED FROM SPAMBOTS. YOU NEED JAVASCRIPT ENABLED TO VIEW IT.,,
PROCESAMIENTO DIGITAL DE IMAGENES MEDICAS,A,MARTES/17-19/CENTRO DE COMPUTO 1,JUEVES/17-19/CENTRO DE COMPUTO 1,VIERNES/17-19/CENTRO DE COMPUTO 1,ALAN LOPEZ MARTINEZ,THIS EMAIL ADDRESS IS BEING PROTECTED FROM SPAMBOTS. YOU NEED JAVASCRIPT ENABLED TO VIEW IT.,,
PROCESOS DE SEPARACION,A,MARTES/10-12/CENTRO DE COMPUTO 2,JUEVES/10-12/ CENTRO DE COMPUTO 2,,JULIO CESAR ARMAS PEREZ,THIS EMAIL ADDRESS IS BEING PROTECTED FROM SPAMBOTS. YOU NEED JAVASCRIPT ENABLED TO VIEW IT.,,
PROGRAMACION BASICA,A,LUNES/8-10/CENTRO DE COMPUTO 1,MIERCOLES/8-10/CENTRO DE COMPUTO 1,,IGNACIO RAUL ROSAS ROMAN,THIS EMAIL ADDRESS IS BEING PROTECTED FROM SPAMBOTS. YOU NEED JAVASCRIPT ENABLED TO VIEW IT.,,
PROGRAMACION BASICA,B,MARTES/12-14/CENTRO DE COMPUTO 1,JUEVES/12-14/CENTRO DE COMPUTO 1,,ARTURO VEGA GONZALEZ,THIS EMAIL ADDRESS IS BEING PROTECTED FROM SPAMBOTS. YOU NEED JAVASCRIPT ENABLED TO VIEW IT.,,
PROGRAMACION BASICA,C,LUNES/12-14/ CENTRO DE COMPUTO 2,VIERNES/12-14/CENTRO DE COMPUTO 2,,LUIS CARLOS PADIERNA GARCIA,THIS EMAIL ADDRESS IS BEING PROTECTED FROM SPAMBOTS. YOU NEED JAVASCRIPT ENABLED TO VIEW IT.,,
PROGRAMACION ORIENTADA A OBJETOS Y EVENTOS,A,MARTES/12-14/CENTRO DE COMPUTO 2,MIERCOLES/12-14/ CENTRO DE COMPUTO 2,JUEVES/12-14/CENTRO DE COMPUTO 2,LUIS CARLOS PADIERNA GARCIA,THIS EMAIL ADDRESS IS BEING PROTECTED FROM SPAMBOTS. YOU NEED JAVASCRIPT ENABLED TO VIEW IT.,,
PROGRAMACION ORIENTADA A OBJETOS Y EVENTOS,B,LUNES/10-12/CENTRO DE COMPUTO 1,MARTES/15-17/CENTRO DE COMPUTO 1,JUEVES/15-17/CENTRO DE COMPUTO 1,ORLANDO MIGUEL MEDINA CAZARES,THIS EMAIL ADDRESS IS BEING PROTECTED FROM SPAMBOTS. YOU NEED JAVASCRIPT ENABLED TO VIEW IT.,,
PROGRAMACION ORIENTADA A OBJETOS Y EVENTOS,C,MARTES/8-10/CENTRO DE COMPUTO 1,JUEVES/8-10/CENTRO DE COMPUTO 1,VIERNES/8-10/CENTRO DE COMPUTO 1,DELIA IRAZU HERNANDEZ FARIAS,THIS EMAIL ADDRESS IS BEING PROTECTED FROM SPAMBOTS. YOU NEED JAVASCRIPT ENABLED TO VIEW IT.,,
PROGRAMACION ORIENTADA A OBJETOS Y EVENTOS,D,MIERCOLES/12-14/CENTRO DE COMPUTO 1,JUEVES/10-12/CENTRO DE COMPUTO 1,VIERNES/10-12/CENTRO DE COMPUTO 2,DELIA IRAZU HERNANDEZ FARIAS,THIS EMAIL ADDRESS IS BEING PROTECTED FROM SPAMBOTS. YOU NEED JAVASCRIPT ENABLED TO VIEW IT.,,
PROPIEDADES FISICOQUIMICAS,A-I,JUEVES/12-14/C3,VIERNES/12-14/LAB. ELECTRONICA EDIF. D (AULA),MARTES/15-17/LAB DE QUIMICA EDIF. F,JOSE JORGE DELGADO GARCIA,THIS EMAIL ADDRESS IS BEING PROTECTED FROM SPAMBOTS. YOU NEED JAVASCRIPT ENABLED TO VIEW IT.,ANGELICA JACQUELINE CHAVEZ MARTINEZ,THIS EMAIL ADDRESS IS BEING PROTECTED FROM SPAMBOTS. YOU NEED JAVASCRIPT ENABLED TO VIEW IT.
QUIMICA ANALITICA,A-I,MARTES/10-13/LAB. DE QUIMICA EDIF. F,MIERCOLES/10-11/F8,VIERNES/10-12/F8,JOSE ANTONIO REYES AGUILERA,THIS EMAIL ADDRESS IS BEING PROTECTED FROM SPAMBOTS. YOU NEED JAVASCRIPT ENABLED TO VIEW IT.,,
QUIMICA GENERAL,A-I,MARTES/16-17/F1,JUEVES/15-17/F1,MARTES/13-16/LAB. DE QUIMICA EDIF. G,MA. CONCEPCION GARCIA CASTANEDA,THIS EMAIL ADDRESS IS BEING PROTECTED FROM SPAMBOTS. YOU NEED JAVASCRIPT ENABLED TO VIEW IT.,ARGELIA ROSILLO DE LA TORRE,THIS EMAIL ADDRESS IS BEING PROTECTED FROM SPAMBOTS. YOU NEED JAVASCRIPT ENABLED TO VIEW IT.
QUIMICA GENERAL,B-IV,LUNES/10-12/ AUDITORIO EDIF. G,JUEVES/9-10/C2,MARTES/10-13/LAB. DE QUIMICA EDIF. G,LEONARDO ALVAREZ VALTIERRA,THIS EMAIL ADDRESS IS BEING PROTECTED FROM SPAMBOTS. YOU NEED JAVASCRIPT ENABLED TO VIEW IT.,LAURA EDITH CASTELLANO TORRES,THIS EMAIL ADDRESS IS BEING PROTECTED FROM SPAMBOTS. YOU NEED JAVASCRIPT ENABLED TO VIEW IT.
QUIMICA GENERAL,C-II,MIERCOLES/11-12/AUDITORIO G,VIERNES/10-12/AUDITORIO G,MIERCOLES/8-11/LAB. DE QUIMICA EDIF. G,SUSANA FIGUEROA GERSTENMAIER,THIS EMAIL ADDRESS IS BEING PROTECTED FROM SPAMBOTS. YOU NEED JAVASCRIPT ENABLED TO VIEW IT.,JUAN FRANCISCO RAYAS ROJAS,THIS EMAIL ADDRESS IS BEING PROTECTED FROM SPAMBOTS. YOU NEED JAVASCRIPT ENABLED TO VIEW IT.
QUIMICA GENERAL,C-III,MIERCOLES/11-12/AUDITORIO G,VIERNES/10-12/AUDITORIO G,MIERCOLES/12-15/LAB. DE QUIMICA EDIF. G,SUSANA FIGUEROA GERSTENMAIER,THIS EMAIL ADDRESS IS BEING PROTECTED FROM SPAMBOTS. YOU NEED JAVASCRIPT ENABLED TO VIEW IT.,,
QUIMICA INORGANICA DESCRIPTIVA,A-I,JUEVES/9-10/ G1,VIERNES/8-10/F1,JUEVES/10-13/LAB. DE QUIMICA EDIF. G,MARIA DE LOS ANGELES MENDOZA,THIS EMAIL ADDRESS IS BEING PROTECTED FROM SPAMBOTS. YOU NEED JAVASCRIPT ENABLED TO VIEW IT.,,
QUIMICA INORGANICA DESCRIPTIVA,B-II,MARTES/10-12/F8,VIERNES/11-12/F7,LUNES/11-14/LAB. DE QUIMICA EDIF. G,SVETLANA KASHINA,THIS EMAIL ADDRESS IS BEING PROTECTED FROM SPAMBOTS. YOU NEED JAVASCRIPT ENABLED TO VIEW IT.,,
QUIMICA ORGANICA AVANZADA,A-I,LUNES/12-15/F1,JUEVES/8-11/LAB. DE QUIMICA EDIF. F,,ANA LILIA GONZALEZ YEBRA,THIS EMAIL ADDRESS IS BEING PROTECTED FROM SPAMBOTS. YOU NEED JAVASCRIPT ENABLED TO VIEW IT.,,
QUIMICA ORGANICA AVANZADA,A-II,LUNES/12-15/F1,MIERCOLES/11-14/LAB. DE QUIMICA EDIF. F,,ANA LILIA GONZALEZ YEBRA,THIS EMAIL ADDRESS IS BEING PROTECTED FROM SPAMBOTS. YOU NEED JAVASCRIPT ENABLED TO VIEW IT.,LEONARDO ALVAREZ VALTIERRA,THIS EMAIL ADDRESS IS BEING PROTECTED FROM SPAMBOTS. YOU NEED JAVASCRIPT ENABLED TO VIEW IT.
QUIMICA ORGANICA BASICA,A-I,MARTES/8-10/F2,JUEVES/8-9/G1,LUNES/8-11/LAB. DE QUIMICA EDIF. F,BIRZABITH MENDOZA NOVELO,THIS EMAIL ADDRESS IS BEING PROTECTED FROM SPAMBOTS. YOU NEED JAVASCRIPT ENABLED TO VIEW IT.,ARGELIA ROSILLO DE LA TORRE,THIS EMAIL ADDRESS IS BEING PROTECTED FROM SPAMBOTS. YOU NEED JAVASCRIPT ENABLED TO VIEW IT.
QUIMICA ORGANICA BASICA,A-III,MARTES/8-10/F2,JUEVES/8-9/G1,VIERNES/8-11/LAB. DE QUIMICA EDIF. F,BIRZABITH MENDOZA NOVELO,THIS EMAIL ADDRESS IS BEING PROTECTED FROM SPAMBOTS. YOU NEED JAVASCRIPT ENABLED TO VIEW IT.,PEDRO ULISES MUNOZ GONZALEZ,THIS EMAIL ADDRESS IS BEING PROTECTED FROM SPAMBOTS. YOU NEED JAVASCRIPT ENABLED TO VIEW IT.
QUIMICA ORGANICA BASICA,B-V,MIERCOLES/10-12/F7,VIERNES/10-11/F7,JUEVES/12-15/LAB. DE QUIMICA EDIF. F,MARIA DE LOS ANGELES MENDOZA,THIS EMAIL ADDRESS IS BEING PROTECTED FROM SPAMBOTS. YOU NEED JAVASCRIPT ENABLED TO VIEW IT.,LAURA EDITH CASTELLANO TORRES,THIS EMAIL ADDRESS IS BEING PROTECTED FROM SPAMBOTS. YOU NEED JAVASCRIPT ENABLED TO VIEW IT.
QUIMICA ORGANICA BASICA,B-VI,MIERCOLES/10-12/F7,VIERNES/10-11/F7,VIERNES/12-15/LAB. DE QUIMICA EDIF. F,MARIA DE LOS ANGELES MENDOZA,THIS EMAIL ADDRESS IS BEING PROTECTED FROM SPAMBOTS. YOU NEED JAVASCRIPT ENABLED TO VIEW IT.,MA. ARACELI RUIZ AVALOS,THIS EMAIL ADDRESS IS BEING PROTECTED FROM SPAMBOTS. YOU NEED JAVASCRIPT ENABLED TO VIEW IT.
QUIMICA ORGANICA BASICA,C-II,MIERCOLES/11-12/F8,VIERNES/12-14/F8,MIERCOLES/8-11/LAB. DE QUIMICA EDIF. F,PEDRO ULISES MUNOZ GONZALEZ,THIS EMAIL ADDRESS IS BEING PROTECTED FROM SPAMBOTS. YOU NEED JAVASCRIPT ENABLED TO VIEW IT.,GUSTAVO BASURTO ISLAS,THIS EMAIL ADDRESS IS BEING PROTECTED FROM SPAMBOTS. YOU NEED JAVASCRIPT ENABLED TO VIEW IT.
QUIMICA ORGANICA BASICA,C-IV,MIERCOLES/11-12/F8,VIERNES/12-14/F8,LUNES/12-15/LAB. DE QUIMICA EDIF. F,PEDRO ULISES MUNOZ GONZALEZ,THIS EMAIL ADDRESS IS BEING PROTECTED FROM SPAMBOTS. YOU NEED JAVASCRIPT ENABLED TO VIEW IT.,BIRZABITH MENDOZA NOVELO,"THIS EMAIL ADDRESS IS BEING PROTECTED FROM SPAMBOTS. YOU NEED JAVASCRIPT ENABLED TO VIEW IT.THIS EMAIL ADDRESS IS BEING PROTECTED FROM SPAMBOTS. YOU NEED JAVASCRIPT ENABLED TO VIEW IT."">"
RADIOLOGIA,A,LUNES/10-14/AUDITORIO EDIF. B,MARTES/15-17/C2,,KENIA MADRAZO DE LA ROSA,THIS EMAIL ADDRESS IS BEING PROTECTED FROM SPAMBOTS. YOU NEED JAVASCRIPT ENABLED TO VIEW IT.,,
SEGURIDAD E HIGIENE LABORAL,A,JUEVES15-18/AUDITORIO DE EDIF. G,,,EDGAR VAZQUEZ NUNEZ,THIS EMAIL ADDRESS IS BEING PROTECTED FROM SPAMBOTS. YOU NEED JAVASCRIPT ENABLED TO VIEW IT.,,
SEGURIDAD EN EQUIPO MEDICO,A,SABADO/8-14/F7,,,JOSE GONZALEZ CRUZ,THIS EMAIL ADDRESS IS BEING PROTECTED FROM SPAMBOTS. YOU NEED JAVASCRIPT ENABLED TO VIEW IT.,,
SIMULACION MOLECULAR Y QUIMICA COMPUTACIONAL,A,LUNES/10-12/LAB. DE ESPECTROSCOPIA,MIERCOLES/11-13/LAB. DE ESPECTROSCOPIA,,JOSUE ADIN MINGUELA GALLARDO,THIS EMAIL ADDRESS IS BEING PROTECTED FROM SPAMBOTS. YOU NEED JAVASCRIPT ENABLED TO VIEW IT.,,
SINTESIS DE POLIMEROS,A,LUNES/18-20/VIRTUAL AL 12 DE MARZO,JUEVES/18-20/VIRTUAL AL 12 DE MARZO,,RAMON OCTAVIO SIERRA LUNA,THIS EMAIL ADDRESS IS BEING PROTECTED FROM SPAMBOTS. YOU NEED JAVASCRIPT ENABLED TO VIEW IT.,,
SISTEMAS LINEALES,A,MARTES/10-12/F5,VIERNES/10-12/F9,,EDUARDO MONTES RAMIREZ,THIS EMAIL ADDRESS IS BEING PROTECTED FROM SPAMBOTS. YOU NEED JAVASCRIPT ENABLED TO VIEW IT.,,
SISTEMAS LINEALES,B,MARTES/12-14/G1,JUEVES/12-14/F9,,ARTURO GONZALEZ VEGA,THIS EMAIL ADDRESS IS BEING PROTECTED FROM SPAMBOTS. YOU NEED JAVASCRIPT ENABLED TO VIEW IT.,,
SISTEMAS LINEALES,C,MARTES/17-19/F6,JUEVES/17-19/F6,,HUETZIN AARON PEREZ OLIVAS,THIS EMAIL ADDRESS IS BEING PROTECTED FROM SPAMBOTS. YOU NEED JAVASCRIPT ENABLED TO VIEW IT.,,
TALLER DE HERRAMIENTAS PARA EL APRENDIZAJE,A,VIERNES/12-15/CENTRO DE COMPUTO 1,,,MA. DEL CARMEN VARELA CHAVEZ,THIS EMAIL ADDRESS IS BEING PROTECTED FROM SPAMBOTS. YOU NEED JAVASCRIPT ENABLED TO VIEW IT.,,
TECNICAS FISICAS PARA DIAGNOSTICO MEDICO Y TERAPIA,A,LUNES/8-10/LAB. DE BIOLOGIA EDIF. G,LUNES/17-19/LAB. DE BIOLOGIA EDIF. G,,MARIA MAGDALENA ROBLES RAMIREZ,THIS EMAIL ADDRESS IS BEING PROTECTED FROM SPAMBOTS. YOU NEED JAVASCRIPT ENABLED TO VIEW IT.,,
TEORIA CLASICA DE CAMPOS,A,MARTES/17-19/F7,JUEVES/17-19/F1,,SAGRARIO SANTILLAN FLORES,THIS EMAIL ADDRESS IS BEING PROTECTED FROM SPAMBOTS. YOU NEED JAVASCRIPT ENABLED TO VIEW IT.,,
TEORIA DE GRUPOS,A,MARTES/17-19/C2,JUEVES/17-19/C2,,CARLOS ALBERTO VAQUERA ARAUJO,THIS EMAIL ADDRESS IS BEING PROTECTED FROM SPAMBOTS. YOU NEED JAVASCRIPT ENABLED TO VIEW IT.,,
TERMODINAMICA,A-I,MARTES/13-15/F5,JUEVES/12-14/F5,VIERNES/12-14/LA. DE QUIMICA EDIF. G,MA. ARACELI RUIZ AVALOS,THIS EMAIL ADDRESS IS BEING PROTECTED FROM SPAMBOTS. YOU NEED JAVASCRIPT ENABLED TO VIEW IT.,JAIME MARTINEZ RIVERA,THIS EMAIL ADDRESS IS BEING PROTECTED FROM SPAMBOTS. YOU NEED JAVASCRIPT ENABLED TO VIEW IT.
TERMODINAMICA,B-II,MARTES/8-10/ C3,VIERNES/8-10/C3,JUEVES/8-10/LAB. DE QUIMICA EDIF. G,RAMON CASTANEDA PRIEGO,THIS EMAIL ADDRESS IS BEING PROTECTED FROM SPAMBOTS. YOU NEED JAVASCRIPT ENABLED TO VIEW IT.,JUAN FRANCISCO RAYAS ROJAS,THIS EMAIL ADDRESS IS BEING PROTECTED FROM SPAMBOTS. YOU NEED JAVASCRIPT ENABLED TO VIEW IT.
TERMODINAMICA QUIMICA,A,LUNES/10-12/F2,MIERCOLES/8-10/CENTRO DE COMPUTO 2,VIERNES/8-10/CENTRO DE COMPUTO 2,SUSANA FIGUEROA GERSTENMAIER,THIS EMAIL ADDRESS IS BEING PROTECTED FROM SPAMBOTS. YOU NEED JAVASCRIPT ENABLED TO VIEW IT.,JULIO CESAR ARMAS PEREZ,THIS EMAIL ADDRESS IS BEING PROTECTED FROM SPAMBOTS. YOU NEED JAVASCRIPT ENABLED TO VIEW IT.
TOPICOS SELECTOS DE INGENIERIA MOLECULAR (ESPECTROSCOPIA),A,MARTES/13-15/LAB. DE ESPECTROSCOPIA,VIERNES/12-14/LAB. DE ESPECTROSCOPIA,,SERGIO AUGUSTO ROMERO SERVIN,THIS EMAIL ADDRESS IS BEING PROTECTED FROM SPAMBOTS. YOU NEED JAVASCRIPT ENABLED TO VIEW IT.,,
VARIABLE COMPLEJA,A,LUNES/8-10/F9,MIERCOLES/8-10/F9,,JOSE TORRES ARENAS,THIS EMAIL ADDRESS IS BEING PROTECTED FROM SPAMBOTS. YOU NEED JAVASCRIPT ENABLED TO VIEW IT.,,
VARIABLE COMPLEJA,B,MIERCOLES/10-12/F5,VIERNES/12-14/F5,,JOSE TORRES ARENAS,THIS EMAIL ADDRESS IS BEING PROTECTED FROM SPAMBOTS. YOU NEED JAVASCRIPT ENABLED TO VIEW IT.,,
VARIABLE COMPLEJA,C,MARTES/12-14/C3,MIERCOLES/10-12/C3,,OSCAR MIGUEL SABIDO MORENO,THIS EMAIL ADDRESS IS BEING PROTECTED FROM SPAMBOTS. YOU NEED JAVASCRIPT ENABLED TO VIEW IT.,,
